{
    "loss": 8.366324424743652,
    "accuracy": 0.6209239363670349
}