{
    "loss": 1.5957129001617432,
    "accuracy": 0.7118260264396667
}